index,axis-O,axis-1
0,473.6666666666667,56.333333333333336
1,478.0,65.0
2,546.0,150.0
3,553.0,146.0
4,727.0,1001.0
5,735.3333333333334,1006.3333333333334
