index,axis-O,axis-1
0,605.0,601.0
1,608.0,603.0
2,812.6666666666666,1075.3333333333333
3,816.3333333333334,1071.3333333333333
4,845.0,1282.0
5,853.0,1280.0
