index,axis-O,axis-1
0,259.0,1372.0
1,267.0,1369.0
2,822.0,1485.0
3,826.3333333333334,1480.3333333333333
